Gas,Volume,Lambda,LambdaError,Freq,FreqError
nitrogen,77,3.296702134155268,0.510879535515206,15.169578531984417,0.05267345687652082
nitrogen,58,3.875253179638081,0.2925959031722485,19.138744945790215,0.03073633048640847
nitrogen,60,3.2557333463574505,0.5501582559155227,18.67411497411662,0.05544456309707974
nitrogen,58,2.5856318202242408,0.528771852355814,18.97238876435328,0.052632018631665396
nitrogen,41,1.7552510157594987,0.3064533250859279,22.310916344130465,0.028051550919837975
nitrogen,40,2.381878836585428,0.4270697401317731,22.769043359006492,0.041933982294013454
nitrogen,56,3.1711477402158956,0.40338650328022807,17.881563453494618,0.04129278344676336
nitrogen,50,2.394115068116807,0.42687735854746467,20.398254174924894,0.0419180626714361
nitrogen,68,1.991908081910459,0.5388308819655732,17.67399761337333,0.05182714148946014
nitrogen,48,2.185318727753053,0.3634719542570634,20.640161803471596,0.03457156725482526
nitrogen,71,-18.43387456908355,11.666584613453885,20.55077432335526,0.13523118765497197
nitrogen,45,3.1384669666609883,0.31393778190437227,21.33488679716339,0.03182470167939645
nitrogen,48,3.981269389768545,0.3441979234275812,20.628142373202284,0.035814904575813884
nitrogen,64,3.965378954289854,0.7236615900218104,18.252914513381587,0.07473747597182548
nitrogen,49,2.049583489984892,0.28583455321615103,19.335421607304554,0.02710439749199136
nitrogen,45,1.9304299776767329,0.4442119258010416,21.134933385072287,0.041386510090372045
nitrogen,56,3.0194738175722557,0.3104348907958117,18.02178165464313,0.0312856842343085
nitrogen,78,1.7404302725315601,0.5326922047530398,16.56730688919305,0.05069640616047931
nitrogen,43,1.7305175125431487,0.30301587977177563,21.78376501034439,0.028244800273056564
nitrogen,41,1.7269462289352844,0.27554360604921324,22.22935373097783,0.02506228920972
nitrogen,46,2.6087307432089215,0.36252976474253235,19.504694359729513,0.03505300972246867
nitrogen,40,3.1023190877415545,0.2903294005039343,21.25397846655269,0.029222552640653435
nitrogen,50,3.416072622135992,0.2819242225692255,19.216453538996316,0.029002701812791385
nitrogen,43,2.7751813592436707,0.319082912132269,20.581360171156827,0.03156855006422443
nitrogen,56,5.120846926168879,0.7276288384037021,19.48537919371261,0.07810388415782422
nitrogen,40,2.3292077550707133,0.3624697579501663,22.56501567731458,0.035176415797508694
nitrogen,52,3.7066888241927836,0.37380272562780714,18.57276671201409,0.03818888043165507
nitrogen,51,2.5639723974847928,0.3401233281494352,19.909753229173543,0.0330318344830169
nitrogen,57,4.071220176110548,0.5228026614545508,19.203835631686108,0.05514228002066071
nitrogen,68,2.2973146374767754,4.1102504399759106,20.66110098056057,0.39291748366948154
nitrogen,53,1.8808067652326204,0.5566684113811483,20.09797642121957,0.052759619373321846
nitrogen,40,2.411645466355119,0.32493733914982753,22.259339392507,0.030998308972684276
nitrogen,49,4.514194734059041,0.4259563485877836,18.98142830120231,0.04568167718803352
nitrogen,74,-0.11050132683692139,3.8227975106750858,20.320358878113414,0.31087248951203966
nitrogen,50,4.127855687544515,0.41241238656813395,18.89038346668261,0.043612800155629725
nitrogen,48,4.265101319246556,0.4300211771197729,20.612355140718826,0.04534794997842306
nitrogen,61,9.578255137630789,1.0334165051455928,20.275623929006237,0.11789764332908183
nitrogen,44,1.8239019513666688,0.3569518436912445,21.585242840486238,0.03391743608077108
nitrogen,53,3.5578054944942035,0.2937606906106121,19.725350389097525,0.029722085740926576
nitrogen,60,2.2594304876488973,0.4958982186545851,18.63094663472781,0.047143204405495
nitrogen,54,2.9590838206807293,0.391409724408046,18.33289818354871,0.03842924698740539
nitrogen,45,2.409141979557171,0.28057373198465263,20.058202423855086,0.027366891153874633
nitrogen,43,2.014786126603283,0.36177081982973613,21.870406930441593,0.03409237919672498
nitrogen,55,2.2398999617948756,0.5565521971000439,19.513728099308583,0.052569916465566656
nitrogen,55,3.221226082408683,0.38907608418420864,18.20276040716617,0.039005037252025115
nitrogen,77,4.7017334579032495,0.6916566806359266,15.10747927061864,0.07450375389929942
nitrogen,54,1.9169168457265662,0.3051788039522987,19.678675745935912,0.02805096708004237
nitrogen,72,-0.5228571349930018,3.368015578489179,20.601347213353197,0.25458846557144993
nitrogen,59,4.673472835870331,0.5378607980526281,17.202212123627092,0.056757524905927066
nitrogen,60,4.603377741589395,0.5961521895906716,19.4199770133365,0.06322158622406794
nitrogen,40,5.117502824095458,0.37039325772542164,22.201290421777784,0.039639954379099486
nitrogen,53,3.5148854825351594,0.4135744701479782,18.369013406950145,0.04172295765920107
nitrogen,47,2.4757337833153494,0.372241068974694,20.908826167930282,0.03554534154126293
nitrogen,70,2.5873018250981725,0.5284742726658648,17.582839077262577,0.052235574683709554
nitrogen,70,-3.2204529908437096,1.245205290393485,18.02093899036936,0.0680106177062961
nitrogen,62,3.9862806643162605,0.5129620803649579,16.959092941501066,0.05314948187301362
nitrogen,51,3.545299768447135,0.40162116106980844,18.81173163256936,0.04141234430952978
nitrogen,71,4.573118165806088,0.7985998467891269,17.811982417895933,0.08591028178799809
nitrogen,69,2.0741487359686555,0.5179207478556098,17.54541049579031,0.04951552671627293
nitrogen,57,1.8731729630619212,0.4355243231817158,19.070821732501965,0.04164374599561767
nitrogen,53,2.6720477659552913,0.5204669140065613,19.70503318462036,0.05026874233564613
nitrogen,43,2.156397418237871,0.2768496307853168,21.657307251017926,0.02677450417744065
nitrogen,67,7.305482610708889,1.1629258024336937,18.87812247879129,0.13064792467211142
nitrogen,52,2.8971287045444156,0.40928409809520677,19.853655324945592,0.04031519332975705
nitrogen,40,1.9289292447727817,0.33664445671891396,22.17532908188304,0.031033274267982292
nitrogen,55,2.7876517711801,0.38705802186637184,19.42656075203783,0.03802303932022402
nitrogen,51,2.6381611082005914,0.3214340641298683,19.946421992456255,0.031448881334898315
nitrogen,63,1.8398665845251256,0.4555826240929898,16.753209177136352,0.043066852312628696
nitrogen,54,4.048865791106459,0.4195278923794362,18.283623885249064,0.043412116143550776
nitrogen,44,4.241796625967802,0.3427125744420003,20.128427113142287,0.03632759151664509
nitrogen,65,52.471766094852974,4.356821635507867,34.372222432629094,0.5368083686843144
nitrogen,53,2.8738994960091735,0.4093905268897622,18.302150138689626,0.04005612845943049
nitrogen,54,3.012714529370987,0.4841374939307132,19.58954726368908,0.047696968980220605
nitrogen,62,2.5032122143111666,0.49050006199330914,18.45054430137057,0.046846043201431264
nitrogen,54,3.286364689127431,0.41557667748367894,18.11806121788634,0.04207025816032019
nitrogen,70,4.849370976530693,0.6653020542960106,17.596656744743267,0.0717525636419611
nitrogen,53,3.14365770588275,0.4145308710966388,18.489014872463795,0.041092815166355955
nitrogen,41,2.550703110759273,0.34272028602404847,20.992237978612888,0.032925300863545066
nitrogen,63,3.2970976562505565,0.5371662664327944,18.346315791155245,0.05364992990374723
nitrogen,43,2.92310276807014,0.4196144497141895,20.134520382655364,0.04226248209433584
nitrogen,69,-20.376661662509,12.206857426762872,20.569798971627964,0.12494561624896228
nitrogen,49,2.2830169870484376,0.3898648166205407,20.404506005470616,0.038033268441639186
nitrogen,60,3.430315998426292,0.4812971734708399,17.15936302522727,0.04830331752612899
nitrogen,43,1.8377848184986663,0.4339643199433225,21.693304279993207,0.04105435824633384
nitrogen,45,2.234288103399466,0.39963773385703116,21.249830841237976,0.03837249106468873
nitrogen,51,2.2728702857418313,0.7218991515230212,20.38272798677507,0.07046280849656827
nitrogen,62,1.8370684460077127,0.6100250526685781,18.49315571430844,0.05577920550918534
nitrogen,44,18.258642397061355,1.1392977199314371,22.87501449924928,0.13306710626969742
nitrogen,41,2.2150786580526405,0.34521010421134285,22.101571490164364,0.03247100301981525
nitrogen,64,-3.5671804439862425,1.1832744599154854,18.555585893280988,0.05827255713585867
nitrogen,46,2.547867369572903,0.3983441261469705,21.033914039193217,0.03833279410710538
nitrogen,66,2.481210980285101,0.4672290751012849,17.776813497641264,0.04636729962895935
nitrogen,54,6.6098622186065965,0.48302492935485397,19.92834020920341,0.05355085440148418
nitrogen,44,1.8918947771648214,0.47922881246309157,21.446999814603515,0.0456867581851677
nitrogen,73,4.03361681445179,0.548487407710288,15.592097971757385,0.05743620143933119
nitrogen,66,2.5398613944516035,0.4660207767610876,17.85489039870652,0.046337347846284356
nitrogen,40,3.112032006051104,0.396073042084037,20.991136226506992,0.03925882239397761
nitrogen,64,2.3954714396770695,0.5736285778953022,18.254794287246305,0.0547235698427353
nitrogen,47,2.5795023151105063,0.303890845952204,19.639082553334546,0.029179847832642155
nitrogen,52,12.558024127145666,1.1332133086653906,20.623791711206234,0.13060041014244525
nitrogen,42,3.4052491692279614,0.19553450179344029,21.857122318028964,0.019897975751839776
nitrogen,40,2.8666995030598708,0.5302767286076069,22.27049185099366,0.05196810670188261
nitrogen,44,2.0536206258011123,0.44573787568408746,21.541737587465214,0.042994724123677414
nitrogen,66,3.2367430925642844,0.40921662161486666,17.70816837509481,0.04202913816244394
nitrogen,50,2.0852573453441074,0.6281571351677889,20.414935898043055,0.060531403167621206
nitrogen,48,1.8649109582344345,0.46078840408769906,20.616647905363333,0.04300875650026797
nitrogen,73,6.46138612315665,0.8872628364749465,17.68601206698578,0.0988837379038226
nitrogen,51,2.2257433625710648,0.4232886279691571,20.085133783009546,0.04093886680252505
nitrogen,41,3.062358036285046,0.39123848540028044,20.78086475478258,0.0387517846848833
nitrogen,40,2.2582757453116,0.23021019219220606,22.043249521610523,0.02176058196288354
nitrogen,40,2.277998079682644,0.3268084891240548,20.98362818055059,0.030857591288476177
nitrogen,71,-18.844326058686743,11.195109517798302,20.494208556173163,0.13223341381115125
nitrogen,54,2.423050992458542,0.579984361669075,19.558641519431976,0.05528446179953999
nitrogen,65,-4.124024162666451,1.3551809131762005,18.429209608502628,0.060502697104830354
nitrogen,53,2.3300112716857044,0.24777017638708168,19.733842990854136,0.023451408186664694
nitrogen,45,1.9554615286668902,0.3621632608542674,21.43804104037072,0.03465370466312141
nitrogen,51,1.0781993845081568,0.4506256460168062,20.152787653197592,0.04051635085799525
nitrogen,48,3.090190808256009,0.3426540313688955,19.385128165904046,0.03430751569827261
nitrogen,53,2.193880766818646,0.486256202715322,19.694938764555747,0.04557056028496738
nitrogen,42,2.6776183260281865,0.4247037440063157,20.547792037917542,0.041916906891868395
nitrogen,42,2.167957146570522,0.39768081387553517,21.751766747569974,0.038240591850217304
nitrogen,61,6.166863166265592,0.5934599258867438,16.999040975354,0.06523453240805402
nitrogen,74,1.464518512051918,0.5250026883787611,16.955723123498874,0.04709751208232371
nitrogen,52,1.8244681889171488,0.38638264305645637,19.903554103123813,0.03578259586648149
nitrogen,62,2.173931760246424,0.5417446271001136,18.42540277914694,0.05063277030574946
nitrogen,78,2.4468933872202183,0.46139117587450634,15.177126441947182,0.04571741472523405
nitrogen,47,1.789068569438197,0.4530739924752971,20.891794935392383,0.04130357958838036
nitrogen,46,2.855012929720952,1.0076592307548629,21.396013366400005,0.10112959453668202
nitrogen,80,2.6250544561082,0.3680348423592286,15.034692652537256,0.03634067131318359
nitrogen,72,4.6530485530270465,0.8046709921091602,17.76624798482677,0.0867438591235388
nitrogen,71,2.7361926066035482,0.44576106857012904,17.103185061734813,0.04314878674446532
nitrogen,51,2.9197971582836693,0.35309614315926474,18.853868570776516,0.03551985672076991
nitrogen,64,2.8668195337981626,0.5472466054140501,18.2030493759082,0.05387220331902236
nitrogen,58,2.295525351096252,0.5017072799972923,19.006492023558756,0.04920183119422252
nitrogen,47,2.439838091472667,0.3094595219976462,19.65480822859853,0.029456915846967545
nitrogen,80,2.6250544561082,0.3680348423592286,15.034692652537256,0.03634067131318359
nitrogen,55,2.2871398536515164,0.4503767391467629,19.363201854810963,0.043225560715849314
nitrogen,51,2.4409827817754506,0.35148286406593393,19.943734590861805,0.03399496520709936
nitrogen,42,3.475941206016993,0.3833092073787773,20.57534479217524,0.03922503032581159
nitrogen,66,3.2424849923780252,5.459065623532812,21.083377245648357,0.5465526459411637
nitrogen,48,2.2655331343092073,0.41740856101423085,20.55361856878027,0.040221422178662404
nitrogen,44,2.4572335623863464,0.2631993261901582,21.276410386036197,0.02566379153981877
nitrogen,59,2.4908018678661357,0.405314658720799,18.757110691846467,0.03955111977070659
nitrogen,47,1.9931259069956355,0.2830290435840992,19.65226928057541,0.026153100483733347
nitrogen,54,2.0573440765328153,0.6300772195018647,19.955280126127196,0.059584972363143064
nitrogen,68,54.013859058195564,4.160955309797001,30.008485338807223,0.5163240578200173
nitrogen,48,2.9810955547266493,0.3832193045856865,20.59825419326895,0.0382638395236868
nitrogen,48,2.140531773511561,0.31873325186625645,20.835186462218218,0.029822020867030233
nitrogen,64,4.342245566968536,3.631568595093016,20.968837066670783,0.37932507631351003
nitrogen,57,3.41239721384551,0.3662970850368658,17.710944572231686,0.0378973189517616
nitrogen,46,1.613808214835675,0.3201819714969249,19.772329736772914,0.028875185842757507
nitrogen,76,3.4592462310589336,0.5507380953853503,15.188991328854785,0.05721342059512997
nitrogen,45,2.6713602994084926,0.3580269693475457,19.9079871827241,0.034978549743394455
nitrogen,57,2.8781239073852025,0.35684720804304443,17.870588639096955,0.03606217322489935
nitrogen,44,3.478521941061356,0.37183830129657686,20.119912612883887,0.03834601849876495
nitrogen,48,3.020322601177796,0.3275062656065718,19.39278347379076,0.03265799777941033
nitrogen,72,2.70014299659276,0.5639291294199757,17.323749359557763,0.054758526060314755
nitrogen,67,-27.96613937025521,15.698516369204974,20.635077143439407,0.10480420877141451
nitrogen,61,2.1819643050774498,0.49244792496294354,18.61999712374795,0.04653995831523192
nitrogen,52,2.850089901797561,0.296664764143355,18.784805430806063,0.02958350690700774
nitrogen,78,3.6355389087571433,0.5572881895263541,14.977523640438399,0.05738802534744795
nitrogen,65,2.3724204425523476,0.5208748834971866,17.99701653197402,0.05085331624745476
nitrogen,46,2.3470036936332614,0.2971256269490219,20.867601249424684,0.028154875845592984
nitrogen,67,2.340859512924694,0.455211540418703,16.35180240048974,0.044507305174750426
nitrogen,59,5.97422099405995,0.6885769838772599,17.11253870059574,0.07523053568020549
nitrogen,42,2.563588542952162,0.3418493940386136,20.63311438710242,0.03328568670265821
nitrogen,72,-22.958839603485576,20.21677524097598,23.102729228360815,0.17678105133934646
nitrogen,73,-1.1400026168579231,3.6730059855203185,20.552332193204833,0.2605985605637245
nitrogen,55,3.5573740138763723,0.4413471173914434,18.092611272424282,0.045305140821066014
nitrogen,67,2.2830191968566305,0.46197352607459014,16.42813114437702,0.04528604918842206
nitrogen,64,46.951045977654246,4.511694322671614,34.54571524929637,0.5509867010670707
nitrogen,42,1.7783254358403695,0.21009216743118672,21.9373252169545,0.019362079455470124
nitrogen,65,2.809550323597848,4.259814891205979,21.382395202810653,0.42618223617646045
nitrogen,70,2.3730464976573122,0.45493153436610956,17.31126890646843,0.04327467819782955
nitrogen,66,2.2729547741756693,0.4762570978938078,16.43279693529573,0.04667527557579887
nitrogen,54,5.860820760442336,0.4359696544129301,20.09812610191443,0.04797329168738761
nitrogen,49,2.729709580092231,0.5551753741071904,20.440430666111755,0.055372610886916585
nitrogen,58,2.953965386872009,0.4707651101499289,18.801312982679505,0.047252595124234326
nitrogen,43,2.4144082939880804,0.29594260584487025,20.590237062924654,0.028675026560577167
nitrogen,51,2.2233942943254537,0.4420722991950615,20.091418760780883,0.042774395652433274
nitrogen,47,2.592412645279228,0.3384659727312781,20.879565502087388,0.03255680604577946
nitrogen,61,3.7196353756089144,0.49804560044148827,18.43739414906708,0.05069822361260445
nitrogen,73,1.9386849823374683,0.44871559516194726,17.033059953668012,0.04139720468922226
nitrogen,49,2.5345784441608563,0.31084737865646794,20.46446431911561,0.030638876432522145
nitrogen,48,2.4652711028343828,0.3424475532735389,19.4583038491826,0.03293927285631524
nitrogen,41,1.9132726931400328,0.3238607077330888,22.276737275147234,0.029918711825735245
nitrogen,75,2.869466477836868,0.5505997370099058,15.44968725099546,0.05555650704119617
nitrogen,45,3.2569397634293327,0.6168514757771976,21.299355677468007,0.06272441965751577
nitrogen,70,2.3526570483865963,0.5000856400718786,15.980289847267095,0.04722580850329971
nitrogen,67,4.461325964616591,0.53897917815606,17.596399218161,0.057515790383540016
nitrogen,45,2.583674880240243,0.2915452749512003,21.421181027695017,0.02889820841863515
nitrogen,44,3.0985266617280756,0.3229876391481944,20.117603087698924,0.03276629655378463
nitrogen,75,1.8049354859034168,0.5163205766819421,16.85177551464807,0.04811967662016175
nitrogen,42,2.612416900772925,0.32188705162483605,22.064504480628568,0.031070487955942236
nitrogen,79,1.8693799075936717,0.42148960789478856,16.271675165650574,0.039686992345420356
nitrogen,75,3.6112839761577145,0.5599140227509201,15.428734473953627,0.05840094250552797
nitrogen,50,2.5012054862746207,0.5304784495141683,20.3338860428101,0.05251865318133581
nitrogen,64,2.163451457396147,3.6748849036733824,21.34748122107494,0.3543307817574792
nitrogen,78,5.356891664550198,6.239391442379886,22.527554261138835,0.6776017896369666
nitrogen,44,2.7812161196509897,0.4365220317263454,21.28489892689633,0.04334418340963393
nitrogen,66,56.32821388522003,5.3043170272620115,36.13317908934408,0.6556736986217998
nitrogen,55,3.4493685267633367,0.42436977547640875,19.71569323429135,0.042713653998511986
nitrogen,44,1.8096778392493402,0.3526186121977631,21.800944603513006,0.03299329123023664
nitrogen,52,2.7383967139415892,0.3645253508569208,20.095132382756027,0.03629351831446774
nitrogen,77,5.376592709915784,0.9821106898953327,17.447666069222674,0.10654762004618007
nitrogen,51,2.240223890078717,0.4271886246967613,20.11295793662273,0.041442112539233064
nitrogen,80,1.7873351624790788,0.4151770860238317,16.19061759840132,0.03846940424299013
nitrogen,63,2.041603406643075,0.41940040130174905,16.968808268130825,0.0391926289518154
nitrogen,76,2.327422799278497,0.5951261736192701,16.757708831408898,0.05795455749442194
helium,49,5.1722629103449576,0.6222533434785278,21.728457487968214,0.06748888871782997
helium,48,7.1396570577137135,0.6168737405629403,19.94158601477292,0.06889514746514032
helium,57,7.00433678290194,0.5252068782467499,18.315846650892436,0.05843038717123361
helium,49,7.2999263510136565,0.6504688114147302,19.485097751272118,0.07269252289798746
helium,60,4.416917339167064,0.9037665315703943,19.850844194479922,0.09500243661477355
helium,45,6.116545689202933,0.735166350322666,22.497925280040107,0.08095881257124457
helium,50,5.6091544216181655,0.7143093396009204,21.392331462543126,0.07828116402494427
helium,43,5.355930444825038,0.3756516461710063,21.864616649580466,0.040716673822575364
helium,71,7.644936614003694,0.5971772947982822,16.4179978134782,0.06749124877387996
helium,49,8.455873859705342,0.7108471776198614,19.553878520704316,0.08031121517896322
helium,55,6.607131816496029,0.5423415689821675,18.798156464206052,0.06033696266723338
helium,76,3.0604537375986114,1.0749845528135913,17.992807464259105,0.10877793193785745
helium,43,7.560119784941363,0.6729251485771227,20.696552877998716,0.0754266807776115
helium,43,5.934594220349069,0.591866603416322,22.783913471197284,0.06528991292876841
helium,54,53.0333540645639,3.9530260619898847,27.61121848224326,0.49101757580908756
helium,51,6.180516110687864,0.7582563461316051,21.19416222899587,0.08349792564640228
helium,55,7.43139606717378,0.605693434247633,18.761220861318865,0.06800370918851474
helium,65,3.908703023642701,0.6754004855170823,19.11218339331143,0.07107883708793947
helium,40,7.784793672786037,0.6178907816738829,21.621910140531174,0.06965568861235684
helium,62,6.449129103799693,0.5359411977248847,17.90131299416405,0.059712833059773374
helium,50,6.596871606329992,0.8376821990857554,21.68040107872869,0.09323477769748745
helium,64,5.589601573686073,0.5468511984486274,17.43088510213765,0.05957137456009595
helium,71,3.8786787394282474,0.776728410989799,18.193815915405636,0.08021483569539826
helium,61,3.597027755126153,0.7373811106705183,19.673763560430015,0.07468763443586644
helium,75,4.642889869278523,0.566285659212109,17.8547708181889,0.06099959664045189
helium,42,6.508196382234349,0.4847813328529143,21.631204182422234,0.05392963563166096
helium,47,7.354145151285231,1.1232804412836237,22.495384084003007,0.12575893970401192
helium,47,8.7511272705288,0.6971112792349826,20.151985659469794,0.07915805502412403
helium,63,5.135044207300663,0.43838214745635673,17.539127263359884,0.04748779913501664
helium,44,6.552518680977901,0.47281396463155656,20.915960395378598,0.05217096167909056
helium,45,9.49636128380434,0.8325833982580195,22.8125829455578,0.09478406888252641
helium,74,4.214149147998865,0.671624724675315,17.961333944256207,0.07120880067832831
helium,42,6.459423830569963,0.6266336183588075,23.113181956866157,0.06931277204415254
helium,41,6.879146473778739,0.9425611575940643,23.75647700929987,0.10493415930392398
helium,40,6.491409585441878,0.6300339833276167,23.642024230425243,0.06960829448127638
helium,48,6.0309719028423325,0.7249650620190566,21.84544344356435,0.07970254380376432
helium,71,4.21430322838554,0.6451514822295533,18.2500597117945,0.06727503344936286
helium,62,1.5853586375808328,0.8923254185560227,19.355793840001585,0.08178219883603932
helium,69,10.188104140044128,0.8529816025558615,16.473875402115418,0.09799057931071743
helium,60,53.69870182995228,5.561530413974194,37.4034034706973,0.6839003743901219
helium,45,8.185399149165647,0.7196392543955681,20.47095584937156,0.0813706236318716
helium,42,8.413212349991447,0.7028308660830178,21.089627004496016,0.07934403029947527
helium,41,8.992200306565664,0.8179143078696413,21.067485090313685,0.09271736001419559
helium,47,5.250008836013344,0.4582499989033294,20.50097800524631,0.04978259704320447
helium,62,6.551581597497403,0.478935944017221,17.93536491038909,0.0534032080569672
helium,55,5.093997215795483,0.6540241872847673,20.687531999679564,0.0702666272365367
helium,47,4.493493147257271,0.6305797264034377,21.939272065179775,0.06656604227862764
helium,44,8.318917693522701,0.7049095535756406,20.791154265692253,0.07950261021718288
helium,56,5.891114700738282,0.5754169744307152,18.427031434753996,0.06272483185380598
helium,64,5.757770460744142,0.6782416727489118,19.043083508289666,0.07477393091400786
helium,61,3.7131146534900714,0.7922665551814648,19.711819584179036,0.08069273564185055
helium,51,4.82813660738673,0.5708342100060508,21.239470124045976,0.061140833396756404
helium,46,6.280376693285123,0.7331131066880501,22.54229237932656,0.08103371635429468
helium,47,5.982644849896643,0.6925591911176529,22.229800259379843,0.07564726722515532
helium,48,5.603445984583259,0.46157415968463145,20.25933788627566,0.05069738490967186
helium,72,8.170397645096788,0.6062861307941638,15.994625458584155,0.06847728245494504
helium,75,6.371601960598473,0.528323628280939,15.857415904397845,0.05820439736681018
helium,45,7.713614950855145,0.68006644152172,20.757511055057194,0.0762902625290273
helium,55,6.214680957758706,0.7789523627239131,20.62885100455014,0.08586568400453151
helium,44,6.719088748671632,0.4624060119127016,21.081825605737833,0.0512305557281769
helium,58,5.379415155379467,0.7478386610765592,20.096498306659484,0.08153217970848838
helium,48,5.173376161136562,0.6571727118479741,21.813741197337876,0.07106276749608767
helium,46,5.8687466580944445,0.6362829852251854,22.05264650375058,0.06937873312028758
helium,54,4.322989616998546,0.6232826392234573,20.767764397251014,0.06521191451700538
helium,68,6.615473597261224,0.8930121004262402,18.889035038981106,0.09955173951291697
helium,59,6.674158923071495,0.6166117413494295,18.264934367187504,0.06831518919906716
helium,72,12.939384615509711,1.1084267540806538,15.799653057795032,0.12889337276422977
helium,76,10.152562424231427,0.8722519039404646,15.454568759904866,0.10033446802414372
helium,48,4.424297285835539,0.6516481065294977,21.864824108581484,0.06887336611021763
helium,72,6.525995366368131,0.5535790860952363,16.575937050096663,0.06186683511217023
helium,67,6.093119084446584,0.8257884460109641,19.20758101439226,0.09134037136548023
helium,58,8.188660995388057,0.6584477556519629,18.035825884971658,0.07453714518143618
helium,66,3.4155992597494755,1.032475357766768,19.13980094096642,0.10659649206471386
helium,75,1.633816364022957,0.7798227239118035,17.974121778392497,0.07283473386944532
helium,53,61.4821042225582,5.201534093602517,38.61044425786403,0.6455036538104798
helium,63,3.562886492066666,0.6159472651825679,19.249668191939257,0.06361244645677192
helium,46,5.88922702894768,0.5287706385748386,22.042290560448482,0.05769187139564973
helium,66,8.86973818775152,0.7732046993419172,16.873257810341155,0.08798119390038656
helium,60,4.863699121925518,0.4524090902300621,19.551849934418367,0.04811521729907219
helium,70,8.603660791856594,0.7128396997406281,16.33488432038934,0.0811058273887154
helium,50,5.40701935225112,0.45506034084418284,19.877288300488097,0.04924530274741921
helium,57,6.356641885605902,0.815046101769673,20.338779438181696,0.09058886629287156
helium,77,10.45548686136046,0.8814363267193929,15.381029370888884,0.10157626075745091
helium,65,53.62530114168691,4.497915191691445,35.561324543621794,0.5542958486723446
helium,79,39.97446078534257,4.898790218995158,32.055400610740506,0.5929729804063192
helium,64,1.7894067954148742,0.6761918131772909,19.449820571158895,0.0622620968154813
helium,64,11.346839486938288,0.9498145548835282,16.866714095565793,0.10952611327913554
helium,48,6.197592272673055,0.4727623541068395,19.9505764387396,0.052101055149915344
helium,51,57.86620388485826,4.0372568402275855,32.033265850337465,0.5021128311511527
helium,42,11.533677378862553,1.4333081281968614,23.597631854623113,0.16418417354974327
helium,79,4.009161859149884,0.7223767552053849,17.676546489231864,0.0762841783310616
helium,51,8.688502262387402,0.6547927917849734,19.311120367033162,0.0742952512992648
helium,52,6.810898261194842,0.5555764067461645,19.296556571749516,0.061952318729793864
helium,61,6.7150668566914975,0.45665958030773146,17.973689644526733,0.050987724670108904
helium,55,16.74565614772468,1.116230941473152,17.66051299202545,0.13107298723914249
helium,60,11.291884052288655,0.8692977669136445,17.43447121473118,0.1001109869004329
helium,71,52.53636749909353,4.305824334377263,34.17656965172018,0.5307011876358569
helium,61,8.081773373558477,0.7035380432447244,17.80611053097669,0.07973800416256349
helium,76,3.703031673048239,0.8954156643716384,17.863458691049406,0.09367879591294997
helium,77,7.503747381403265,0.4694766465832183,15.668650829287529,0.052795346827066034
helium,44,6.430924198495368,0.47247596812842163,21.18640214602098,0.052229287000562515
helium,52,6.05192512121574,0.4327943110836054,19.638743951615965,0.04733318478138036
helium,51,6.689512646403493,0.5879997554693703,19.323365712039198,0.0654204581024408
helium,48,6.039732245261176,0.9194186804532001,22.162775540751678,0.10051121510540065
helium,60,8.387939845295369,0.712124688385357,17.786648220368882,0.08088693030411426
helium,52,5.8671177003090484,0.6999863426690578,21.192378547922768,0.07664321555853133
helium,68,6.815401225952604,0.5755925622744377,16.866006556481192,0.06418480850983498
helium,43,6.530953654148984,0.821748782000763,23.037597024772225,0.09114528048496778
helium,47,6.7756152767738635,0.7588956483128626,22.198001106860527,0.08401875824725281
helium,71,4.649979907863169,0.5218465293595103,18.143159579305603,0.055516072933477205
helium,70,7.638069004811849,0.7127013700512629,16.54270595623166,0.08059778710738626
helium,56,6.558129823837827,0.6334720782212602,18.511290755177246,0.06997580645921188
helium,70,11.611461855832815,1.2044606527787918,18.714724211364526,0.1386590812445021
helium,74,6.250234734866336,0.5803875212918873,16.130657144901633,0.063982041348718
helium,80,4.777102359061122,0.7798130390946177,17.451247287628547,0.08331805005628817
helium,69,4.84444415290674,1.0798958544831485,18.719024755259504,0.11566537304810408
helium,53,5.720926426170379,0.3689284818392767,19.56988601168779,0.04009801105570923
helium,57,6.259439594400349,0.7404808911384237,20.31379550523721,0.08220050255461642
helium,68,6.4234063692362575,1.1262057300868769,19.11958719619434,0.1253637086215349
helium,58,5.220357360579322,0.7944342931904206,20.04713760341566,0.08616196514900963
helium,41,5.7526790117736475,0.5201564116059317,23.35685899341889,0.05654076740442206
helium,72,50.302365049355956,4.9253395848739165,34.60111175977954,0.6047091436871144
helium,55,6.977745578330257,0.5169649695251748,18.967874259827244,0.057938783802008335
helium,73,4.121200108395036,0.6730067568360778,18.14081195188063,0.07037068773710299
helium,40,7.50519670418468,0.5435259715424418,22.003209898368763,0.060811605436377904
helium,47,7.342987439391049,0.5830087840109097,20.157631839169863,0.06549356876078796
helium,50,4.191289843702994,0.5932020804104393,21.419678337307513,0.06282637253642925
helium,47,5.787384097218497,0.6963659338110163,21.953731307604535,0.07597106930461164
helium,61,61.892911119617374,5.3975796796373645,40.10663866414051,0.6691622574650241
helium,75,6.155112764162729,0.5061953409001876,16.030180152130388,0.05556301714540921
helium,54,6.620930261783136,0.5144407430327289,19.279190928344306,0.05724481823656363
helium,66,4.3240532321743625,0.7188224805580276,18.997338165452533,0.07669571514526005
helium,53,5.284356673324298,0.8416317075046749,21.100991894990823,0.09072986156635317
helium,53,5.377889837424157,0.5158152292371441,20.593397059327867,0.05600462668760011
helium,55,20.472564894926467,2.4524344476457642,22.724304645107086,0.2882473907865594
helium,40,6.695595826368594,0.6528485689999345,23.71355095800607,0.07244626204931777
helium,65,5.161834792305027,0.6365242836783254,19.16478112873508,0.06925875074098255
helium,51,4.639440620640261,0.5146368942290749,21.018769477254043,0.0543545012077669
helium,78,4.0824818713558875,0.7020052156776376,17.47717592999501,0.07347717195328574
helium,75,4.250723387335453,0.6450868850666768,17.840928352844738,0.06874664134487693
helium,69,7.122638512388426,0.6116022702600066,16.691304522772132,0.06873846874881628
helium,67,6.627024762623516,0.5294939484097838,17.12942235149304,0.05855605965858068
helium,70,53.97131176343615,5.544420830338902,37.69075504113379,0.6818415121339647
helium,50,4.954160598845173,0.3543751670691439,21.468995160665685,0.0383580875902518
helium,64,12.348282968684861,1.10988569784738,16.68362730155712,0.12858849779561485
helium,67,5.758685746440838,0.4379542178672849,17.019288152130038,0.047714297171806565
helium,44,5.784474159154531,0.4419099969612845,21.198953598887694,0.048317287066708466
helium,76,9.915604118822978,0.798820463225355,15.516791032259048,0.09173518157775
helium,45,7.222845444625149,0.5683213494375372,20.784333520325376,0.06337746715057056
helium,61,5.6622402412174795,0.8685260440673199,19.65840149659697,0.09419156616814754
helium,58,3.7021839452771634,0.5618120208111995,19.956534348970045,0.05786801388519286
helium,73,4.248908441900311,0.8948624814361068,18.095208458538924,0.09425314402474134
helium,50,7.705993779939757,0.5600073202306755,19.69678078761562,0.06278337140040473
helium,50,6.320106825470522,0.4819035919668949,19.802017235628636,0.053032847337009116
helium,42,4.803645063714074,0.44502833254747265,23.06457517551056,0.04765278934701226
helium,72,3.906633312128947,0.8791743946634774,18.28374170164327,0.09046402193658655
helium,57,5.162165067863418,0.5228049253930517,18.48622960701102,0.05601836361389992
helium,49,2.6887823081873545,1.1612361680738201,22.098254021973478,0.11247417311549364
helium,57,8.045463386610056,1.0231355209131452,20.577902829508385,0.11541216623341076
helium,56,4.107770610265324,0.55004067843038,20.36722037962046,0.0581994748079857
helium,71,5.522329280878948,1.2218125779153557,18.520899021440542,0.1322122303223441
helium,67,7.451326094456284,0.6880666459301135,16.85775962910447,0.07734418972646533
helium,70,4.401371299805835,0.771148749962183,18.537617655573854,0.08080261197090374
helium,64,6.384808360817414,0.5502245747599783,17.403625165738752,0.060803351409618324
helium,55,6.390413086032694,0.5392604528497081,18.762031613231336,0.05974951040876741
helium,56,4.975138173469465,0.7106490878456574,20.357626948392642,0.07701873855737008
helium,77,39.52049363977639,4.364347691372301,33.42233971104158,0.526750757422028
helium,69,3.283076073664295,1.1422374851565003,19.04425341936833,0.11754061868124015
helium,43,7.557640533367047,0.5164622499656278,21.098270483709882,0.057845428167432475
helium,60,8.171200480499204,0.7251266513023579,17.89141480013717,0.0822067126148153
helium,45,7.788881827371086,0.7248231997721603,22.257838775303334,0.08128169469746463
helium,63,4.959571894300387,0.6639359050012335,19.310410326291667,0.071504959339951
helium,64,4.222972880038946,0.7254105003077629,19.25202866852707,0.07670469764039278
helium,66,6.5871597239088,0.6245592358785795,16.977089027638247,0.06919779859202822
helium,58,7.042782216093263,0.5112294145538611,18.615726073673542,0.05697456884485392
helium,76,44.7412927522712,4.474110336255653,34.5710050169551,0.5443025268676874
helium,66,5.932548716042704,0.6179122910955346,18.877626591338064,0.06817675721264434
helium,73,4.615261367748057,0.7246013487249543,17.99189278252255,0.07763089341107333
helium,78,4.4406193021344835,0.7731587663461484,17.600804111509007,0.08247531594261176
helium,53,6.102525865403205,0.4961296065487937,19.101830017378816,0.054982573081206014
helium,53,6.853583949732679,0.5024046085285183,19.23915558101878,0.0561220388209068
helium,62,7.852536028012437,0.6346754250655289,17.556414123144478,0.0716668032006561
helium,67,1.5530239279159177,0.9644764130932065,18.886832889897867,0.08980395992688768
helium,49,6.3543363427714725,0.9548030165423037,21.973636274873794,0.10520751331938664
helium,43,4.993517029990135,0.5232392717965574,22.588176288157463,0.0564776584394077
helium,59,14.241154576478683,1.2174810904213063,17.24293188181902,0.14183529465203343
helium,55,5.157299453617245,0.9251017669887379,20.630696639995246,0.09976920298484719
helium,66,52.940706430405825,3.982986708513155,34.212458674309836,0.4911813911987552
helium,70,6.96107170555633,0.5471413045461976,16.565604567587652,0.06146655536533112
helium,71,6.003929465525294,0.5406051299661685,16.52525738751389,0.059975614665694406
helium,64,5.456341462386529,0.7710765594739676,19.324731492469933,0.08396589319456615
helium,44,5.284568755032626,0.6685232196016837,22.756007113141436,0.07286620768768393
helium,70,15.273892160459182,1.1856179752462526,15.862307147178477,0.139125076301596
helium,48,6.706145327307679,0.5276490269892953,20.072688538332013,0.05877187833684264
helium,65,10.524432003894477,0.8517755238045954,16.96681496931617,0.09779660468947597
helium,68,54.649709679671794,4.703799784107776,31.40044354615395,0.5832939527369152
helium,40,7.231607560999771,0.6234508047909454,21.968568992714488,0.06956771617043048
helium,44,12.27778610988757,1.1520461897998908,22.977197373178996,0.13238598090674442
helium,67,4.675015166806537,0.6741241666664047,18.70803375695294,0.07182362098087505
helium,75,3.9511963942514803,0.6140956057450438,17.852196634369953,0.06481493894045334
helium,56,6.029815616536457,0.469245973015997,18.706443069186882,0.051593946896847896
helium,52,4.653563794263966,0.4956897784100984,20.944534071129254,0.05231336202525693
helium,74,5.465039442787094,1.7837330028673903,18.512669958812534,0.19271489288880073
helium,40,18.850013263027847,2.079019055483705,25.10999754124724,0.24246526454622166
helium,68,8.638810133760488,0.7533732549524985,16.641061853765187,0.08580271338472885
helium,70,4.44035842931472,0.6569718677474518,18.451748098722884,0.06880544229817102
helium,42,5.524623632643425,0.7011808580988128,23.141245777686976,0.07619604662192181
helium,69,5.253630782961377,0.75138377896757,18.626699689873654,0.08102224662901222
helium,43,8.915868843142714,0.6749443813872376,20.934258432000426,0.0764410995684851
helium,40,5.594820303255449,0.40724109670593545,22.35426799323388,0.04422167636188294
helium,54,5.122049088584865,0.4612319594730338,18.964812280775806,0.05019617588128311
helium,63,4.6790378529445595,0.8644907625356666,19.50155384598502,0.09157370184647666
helium,50,5.463910251650947,0.752534802670113,21.364217507582545,0.08217802999376628
helium,42,7.850099924414595,0.8723683278137977,23.311124573822582,0.09786785018231468
helium,41,8.145816042891958,0.7020750835403318,21.592978378221098,0.07937318768085734
helium,59,5.663400569924429,0.7315877530076103,19.85629439318631,0.07958159316387507
helium,62,6.628183219555554,1.2863043383379589,19.634520457749872,0.14214471191860603
helium,55,4.786429440096257,0.710319630068429,20.508655731603035,0.07628204701053827
helium,48,7.780359991677806,0.6318577226042517,19.89140818751712,0.07100865527344898
helium,72,51.91325608740122,5.193617793908015,35.964186077561585,0.6380946969038418
helium,74,2.3894675149498457,0.9673784513467214,18.18700392297008,0.09278145619048361
helium,41,5.380448642238196,0.6007898203308585,23.256704502410965,0.0648588372955145
helium,45,6.589121778320253,0.4736404675047539,20.842927212085698,0.052310464059573104
helium,46,8.3281660557775,0.6182642588508969,20.424297924854645,0.07000891820267065
helium,47,6.474955845487858,0.5415722247103102,20.11379949457277,0.060186862158761414
helium,53,8.015480841012682,0.6825369434436371,19.017724143851936,0.07723328919809287
helium,50,6.340943040162279,0.6706074821562718,21.299392804017618,0.07423799022313672
helium,56,5.6934304693721325,0.8719877258880374,20.439401654157596,0.09575468661304319
helium,73,10.770568481542703,0.8677936133329093,15.724671277242658,0.09995230021271194
helium,75,5.388748432739568,1.2649871505351438,18.238000194238577,0.13672223089595062
helium,46,7.185721305062679,0.553333168840371,20.344440664374623,0.0621000465584556
helium,66,0.7008999012458925,0.973944170147148,19.020973193474347,0.0855208062696882
helium,59,5.208972481566283,0.8238343302934815,20.012320434198426,0.08920564909882847
helium,43,7.731286643328213,1.0039241651369406,23.0662348990621,0.11281576454398987
helium,63,7.303548121217453,0.5378612517279652,17.69140960226911,0.06053157852421318
helium,65,6.3514304305643625,0.46849032959615733,17.405285668813182,0.05174471541093227
helium,65,6.261211920717264,0.5002706422837263,17.028200285985836,0.05504853868934288
helium,72,6.525995366368131,0.5535790860952363,16.575937050096663,0.06186683511217023
helium,50,4.930216654444444,0.8281124173328261,21.64777338503983,0.08951491136567202
helium,41,7.272902186035227,0.5933871037893432,21.775804027703316,0.06646183635149774
helium,46,6.26303615304688,0.44155603170805613,20.748354867587594,0.0485669158465878
helium,54,62.36900697704501,4.456843326809589,38.77104545803467,0.5536034638546752
helium,73,9.469880746231976,0.7944907896850179,15.855129953021441,0.09073638225612708
helium,66,3.385148754669513,0.905902689416524,19.29999442970982,0.09256129912665365
helium,41,5.799928045674975,0.4066632177679373,21.843859846418308,0.04452009266162855
helium,53,4.95553925469647,0.6380479017271056,20.80504098509765,0.06803862443911232
helium,76,4.681633289494277,0.8471358679800413,17.750265077044013,0.09138242158036614
helium,65,8.305185622767075,0.7691611486878395,16.87949581164184,0.08713393332682974
helium,55,5.294531937370175,0.7986556100732719,20.694037089535062,0.08621613570993086
helium,58,5.012101869666273,0.6318160020020571,20.070626976319613,0.06825133113832116
helium,62,8.762558934065783,0.6594791165704742,17.678371784626883,0.07506404151176722
helium,62,4.307595204128715,0.7685605373314734,19.610807784304356,0.08016202469694986
helium,54,4.854192141016779,0.7789322933396018,20.733101051725733,0.08299197028844373
helium,62,4.278932307432136,0.8311372922736131,19.649622189048557,0.08655925501129798
helium,49,5.936854667423079,0.7113490548688356,21.54658008080959,0.0785245553499941
helium,52,7.009535014555123,0.510567204432054,19.7485268019084,0.056762413691200296
carbonDioxide,80,0.342852302619729,1.0900376515775057,16.1164909934299,0.08852028647066358
carbonDioxide,67,41.1518263681904,4.466297012658636,34.570403630431066,0.5398611626780366
carbonDioxide,57,4.345985245578324,0.7413282667095761,18.582823790906968,0.07766899901123259
carbonDioxide,65,38.63501552124782,4.324666324849218,33.41859983424436,0.5210909852948101
carbonDioxide,52,2.3567177280184954,0.4987597622171262,19.28287870748798,0.04844337814528583
carbonDioxide,43,1.6156490008938158,0.46317996117202404,20.936481152534444,0.041685435552399924
carbonDioxide,65,1.498261696972379,0.5194219256928928,17.30745408034946,0.04643685384213469
carbonDioxide,64,1.6655886210111268,0.4918094321064023,17.563707045615597,0.045870756763815815
carbonDioxide,45,4.529307538535565,0.732429196970179,20.63330992002272,0.07761775467035152
carbonDioxide,43,1.8593501073145442,0.5130289241227343,20.803739441405373,0.04713453881482603
carbonDioxide,62,1.7267176215087452,0.5951052265027681,17.75897099758369,0.05648259836594784
carbonDioxide,71,1.4406966380943835,0.5932334811256118,16.856441636708563,0.05380555134388029
carbonDioxide,48,2.4038340300740892,0.49279189493289827,19.955819767757387,0.0476119756018237
carbonDioxide,54,2.1332436877734207,0.4767244960633112,18.983535161865575,0.04629483343134669
carbonDioxide,41,1.7801579818593467,0.4227850799138147,21.39208806407154,0.03990458798435785
carbonDioxide,68,1.9777637498529443,0.44778121687762906,17.028249616258506,0.041438594963976574
carbonDioxide,47,2.4273990867515574,0.623408036761558,20.187637415031116,0.061380899218508304
carbonDioxide,52,59.705327243279534,5.806653839317907,37.02584781162775,0.7202047006519545
carbonDioxide,42,2.5256230577514716,0.3885685792599082,21.04871664898473,0.03737089363258798
carbonDioxide,42,2.6519891117835472,0.597917689401321,21.365596776932705,0.059305013518971605
carbonDioxide,50,2.053686457532706,0.5586743002609696,19.629080588412375,0.05185363317425288
carbonDioxide,53,1.718831146907498,0.5890605167862222,19.230540238852843,0.055228448161403924
carbonDioxide,51,2.238961205326201,0.49502368847960326,19.318836059983948,0.04758233913452515
carbonDioxide,42,3.454118979995579,0.6768856051088834,21.230165849481917,0.06910825037053359
carbonDioxide,60,1.9044303134107814,0.5944559535608104,18.078210856664747,0.05590864803136286
carbonDioxide,54,2.022441050818296,0.5515533433577093,18.957066115768683,0.053165140298788806
carbonDioxide,45,2.2573153297469775,0.4278024083248297,20.637904320672437,0.0408811315962998
carbonDioxide,47,2.813519350692458,0.47121314334924896,20.217283788816125,0.0473763553727681
carbonDioxide,53,2.3420219773939825,0.8388565201681463,19.298052387818633,0.08130083177139645
carbonDioxide,69,1.4901835490215818,0.5760830406184605,16.998519672384283,0.05155314022691112
carbonDioxide,43,2.531235090537311,0.5850317699493987,21.135943468928406,0.05662196683063273
carbonDioxide,61,1.7411109510134526,0.5312084568909119,18.03383452859837,0.04966040656038851
carbonDioxide,60,1.6135741132929258,0.44092603093881416,17.97868210581981,0.041102257129179115
carbonDioxide,40,2.5714325112388927,0.3913396185551682,21.669865499399503,0.03871634531030471
carbonDioxide,46,2.224734429403079,0.4574505390245064,20.308172309345288,0.04462259080692679
carbonDioxide,70,1.80145020741873,0.425090551048774,16.691883202656808,0.04033228678440828
carbonDioxide,53,1.4681846958156455,0.5136534379349946,19.154174639385136,0.04763308443312007
carbonDioxide,48,3.0765020467950004,0.4611245885303482,19.954234968268832,0.046186896601754686
carbonDioxide,45,3.247413868552913,0.5802163369282495,20.620222527483893,0.058587251687090405
carbonDioxide,40,2.270689973356829,0.46085797404359147,21.62096587360695,0.044946318883636864
carbonDioxide,59,57.976527984903264,4.702864808773822,37.30070556030375,0.581836997224926
carbonDioxide,65,0.5726370673986578,0.675643706965602,17.51290481759966,0.057425005441529245
carbonDioxide,60,1.8301131519496672,0.513414246258448,18.067879002847512,0.048102646668965986
carbonDioxide,49,3.1466362669441983,0.8420808723077691,19.732893476175303,0.08354504001445036
carbonDioxide,51,1.432069367224474,0.47878054614648125,19.45612851605186,0.04288939055398349
carbonDioxide,72,40.82922456641165,4.666060652807771,30.0960973259199,0.5674647986156832
carbonDioxide,45,1.7419609436197996,0.5236684422821885,20.461514761835417,0.04920888694452827
carbonDioxide,41,1.6424220004230674,0.47741675996554134,21.359510677369105,0.04454119785459128
carbonDioxide,54,2.9653109959823856,0.8606200728289266,19.059605999852543,0.08733202737993992
carbonDioxide,52,0.1012013576904636,0.8577937899144448,19.394273675663044,0.06876378284045685
carbonDioxide,66,1.3191440902773652,0.5321854511807033,17.302037148979007,0.04687871745062839
carbonDioxide,45,3.9579473106684513,0.8248317462766791,20.68283416685418,0.08548855386707307
carbonDioxide,71,-0.34798066619759566,0.7900833286084528,17.031735189468822,0.059115965757819924
carbonDioxide,62,1.468915064539799,0.5183468522593236,17.782932023035436,0.0483607579658446
carbonDioxide,68,2.0982581893638192,0.4750907251373383,16.975150641382747,0.04453764574243952
carbonDioxide,65,1.2127847135444336,0.476927157812019,17.285644738770195,0.041585221012892144
carbonDioxide,62,1.7514364632756967,0.5415964056567584,17.863452888275322,0.05140347304026424
carbonDioxide,42,2.422952601747783,0.5381803953294724,21.29925091017991,0.052472942620824754
carbonDioxide,44,2.2266902266733397,0.5369896232663819,20.736547342692678,0.050801795567663954
carbonDioxide,49,3.7256748099649846,0.7213996971364006,19.98787516599027,0.07452468069903709
carbonDioxide,53,2.7042231018443705,0.42808762691141833,19.1730288954955,0.04272890098425005
carbonDioxide,56,1.927693702693541,0.5533498532607286,18.6698823743951,0.051673580646792436
carbonDioxide,74,40.55853793734086,3.9749011611350253,32.11027431829232,0.481624922494494
carbonDioxide,49,1.5639459178264812,0.5785561680990703,19.851021288170617,0.05230012247309474
carbonDioxide,58,2.1979192105000203,0.7097947599797422,18.44837128990997,0.06646682408707352
carbonDioxide,72,1.4826144592503308,0.43843606877322283,16.511870053677306,0.041019034118673685
carbonDioxide,40,8.220500283689239,1.0483731666690532,22.13098550686167,0.11802416528235436
carbonDioxide,65,1.9293412960235334,0.5796473229809243,17.3467113466085,0.053696377406575915
carbonDioxide,47,2.363698658549345,0.41164821463157386,19.99802395015285,0.03983455314632386
carbonDioxide,46,2.992016040437937,0.5396297018696955,20.275697918418995,0.05476162482934008
carbonDioxide,58,2.0198964967260804,0.5307616361757206,18.213994714412497,0.04956953258455511
carbonDioxide,62,2.4890728518701724,0.5019577433916429,17.842711226714712,0.04979256660658289
carbonDioxide,48,2.3229654017142765,0.4995323741871117,19.865795622274124,0.04764463367302154
carbonDioxide,60,5.242007637065626,0.9234725799069703,18.28512550744769,0.09929764102184167
carbonDioxide,62,44.69303450408614,4.570578992731541,35.33021647000878,0.5554259375995655
carbonDioxide,46,1.8340950857956084,0.588360042202198,20.35608154261648,0.055976747695842474
carbonDioxide,56,1.4960746041987099,0.7511409609320946,18.764645518077188,0.06879634531236684
carbonDioxide,41,1.685951689710581,0.530743584837242,21.27721478039416,0.04930098936446561
carbonDioxide,48,1.6572952540606536,0.7360312906275585,20.018901232590174,0.06820361599539836
carbonDioxide,47,3.6729273663493673,0.5427547840379703,20.071666143941037,0.05625112662773648
carbonDioxide,47,1.3038680889730343,0.5370091459979389,20.226067509788706,0.04929992479474027
carbonDioxide,77,4.589251351096867,0.8791670786894309,31.327059820351376,0.09368165266304054
carbonDioxide,41,1.6692007820145536,0.36601428726193924,21.223745355187567,0.03377677160192272
carbonDioxide,63,33.34712433988844,3.997469375588085,34.41898861239202,0.4760555661681916
carbonDioxide,51,3.513301618724191,1.0015736887381044,19.613727400501737,0.10110978078664719
carbonDioxide,66,1.700453577190382,0.456535238122487,17.2920093757114,0.041399882916959466
carbonDioxide,50,2.9664262579944234,0.5556285839592402,19.573198397402543,0.05463195601137632
carbonDioxide,60,2.6111338482283615,0.6002978853173639,18.109645583874578,0.05876249768880641
carbonDioxide,53,0.9208077728509907,0.5382274933142399,19.115578886558634,0.04800157666650558
carbonDioxide,73,7.276154000124797,1.045759826959295,32.10077409079207,0.11644321626685969
carbonDioxide,43,2.1595444673268474,0.48576437271941997,20.932459940586174,0.045459665886087706
carbonDioxide,67,1.1721034370769063,0.4234672884088642,16.96656282485462,0.03705725444647929
carbonDioxide,45,3.5024213037043967,0.6624029943643731,20.53981799500494,0.06802321607537333
carbonDioxide,54,0.9759242591087786,0.5384811490726947,18.941072556008127,0.048213757314886294
carbonDioxide,52,51.821282436812034,5.0303324651114805,35.14570149368844,0.6185848790697073
carbonDioxide,64,37.92795427222887,4.590071559976145,34.1170834007975,0.5517868326363166
carbonDioxide,57,1.530927335634789,0.6433877585709595,18.598618268813627,0.057952994758080634
carbonDioxide,70,7.912257339111359,1.0754146072203823,32.285858331719396,0.12055903154599538
carbonDioxide,55,1.795609972305105,0.43969985098145237,18.774357806597177,0.04117142531289435
carbonDioxide,78,42.53547688928364,5.0134452626699355,32.475579454444414,0.6093712835969641
carbonDioxide,67,37.89141240510886,4.544070251452742,32.08401264348088,0.5477866476407866
carbonDioxide,71,6.552379542262067,0.944571854023897,32.404319626065245,0.1043905369776636
carbonDioxide,76,5.707138636389215,0.9203573804532585,31.33255763163964,0.10064998441097603
carbonDioxide,54,1.2708358409197884,0.48085523234111205,18.876869555840322,0.043833982728371045
carbonDioxide,56,1.2773460979984759,0.47934795221901916,18.592798021566697,0.042302608787093535
carbonDioxide,74,2.7948769202589783,0.4292424479636259,16.411117515610457,0.04317907946698393
carbonDioxide,59,2.229795163396827,0.549126493715472,18.2525943660047,0.05184064145550915
carbonDioxide,44,1.2353334939380152,0.5320170094903581,20.67319640294257,0.04709925242203378
carbonDioxide,46,2.609515895759754,0.4803122823829403,20.394822424237862,0.04772112466454368
carbonDioxide,65,0.6889235666582855,0.49005316792339454,17.294865937613963,0.04083377844730838
carbonDioxide,49,1.9739699016498435,0.523724482798826,19.784830321581346,0.04852637968849743
carbonDioxide,70,1.0096753356709547,0.7627518450057574,16.96931816946169,0.065805487709957
carbonDioxide,47,2.2292112313189447,0.5387355150498968,20.277817656324594,0.052567923000229944
carbonDioxide,66,0.8696614543969318,0.5856543247018636,17.436895124948414,0.0505109017314631
carbonDioxide,58,4.608317886005092,0.9799552826266112,18.439763432752176,0.10320336268264663
carbonDioxide,64,0.9939263082392672,0.5428072733889958,17.488043836090792,0.04765923643779383
carbonDioxide,63,2.6347279376882256,0.6748938854176775,17.702172954132585,0.067393246525261
carbonDioxide,75,41.071387602813886,4.354773809407156,31.852599060549455,0.5283773221245373
carbonDioxide,75,1.3598514767148218,0.3614125772330955,15.975475286751509,0.031720334979691
carbonDioxide,63,1.828172746634582,0.5733572164964935,17.745001945407854,0.054754484550762435
carbonDioxide,60,54.92898697372614,5.79254625636281,31.853354773127766,0.7182011276800022
carbonDioxide,40,2.2360557884793497,0.5339061476949307,21.97574825030931,0.050600285114639494
carbonDioxide,44,2.225433287433504,0.47038788875428905,20.772387706286338,0.04438857692153571
carbonDioxide,60,59.570264441429565,4.91518986419524,37.70226061090609,0.6090905662387652
carbonDioxide,57,2.6926669505954095,0.5215185690367447,18.525421847335757,0.05051270902208778
carbonDioxide,40,2.228148166392989,0.5342411208500889,21.770976545881794,0.05148379961998868
carbonDioxide,44,2.0969191417133177,0.42039155410957635,20.67314326244263,0.039637314841584885
carbonDioxide,59,3.3773773352312904,0.6026593470358758,18.302722657151275,0.06051918361389075
carbonDioxide,66,1.6244322502590323,0.5877556382859894,17.298883246383873,0.05302422772438136
carbonDioxide,52,2.248917713928062,0.6124381102769916,19.278359369160025,0.059130324193389164
carbonDioxide,68,1.3006361388394159,0.5471193600415776,16.91439747788493,0.0487099096438047
carbonDioxide,65,1.9154950109492601,0.6350294921147919,17.411389492811573,0.05917784206279736
carbonDioxide,78,7.14267974745348,1.0827649158739097,31.068808041289955,0.1204715170682728
carbonDioxide,77,0.3041478912353943,0.8004113802183092,16.43385112386026,0.06792948816265805
carbonDioxide,62,2.330518305916224,0.6427986087488826,17.87192891149383,0.06315448363980786
carbonDioxide,40,3.8011617193570815,0.597375656946305,21.92204618147154,0.06156335711201046
carbonDioxide,42,2.2511612009977346,0.544429774316118,21.126811199839814,0.051766000888985406
carbonDioxide,51,4.326436980584867,0.7365467189897046,19.709238839862845,0.07686020084980022
carbonDioxide,72,1.4740146254766824,0.537733909556651,16.627151770119386,0.05015195847360015
carbonDioxide,48,3.8507857997572645,0.8475529213111082,19.95594534656921,0.08780901040814788
carbonDioxide,50,3.5705346953746675,0.685788880611183,19.564745565340043,0.06949999531213052
carbonDioxide,55,2.341084069702325,0.7336664445766914,18.64614135880607,0.07020649827726591
carbonDioxide,73,4.022367892433741,0.7561215010188118,31.657044742386148,0.07929728473614439
carbonDioxide,53,2.2957671863408478,0.6046077762959798,19.128505323785888,0.05917377593073273
carbonDioxide,56,1.7341930980396192,0.4668233308949797,18.508707224140753,0.042399879960641616
carbonDioxide,64,28.547265820631072,3.737386851669952,33.890542674447985,0.4410603152931382
carbonDioxide,61,0.23926677170868624,0.5955436879108059,17.943881823911884,0.0498385435058226
carbonDioxide,63,3.031887461028528,0.46180429485577273,17.61126398364445,0.04676960322752611
carbonDioxide,44,5.027493263896231,0.7411360330104267,20.82517070584071,0.07915906933737557
carbonDioxide,50,1.8886315924244905,0.4665580061584162,19.589327555115062,0.04284881938230682
carbonDioxide,68,30.005325615635584,3.914778853135839,33.52230886902075,0.4635529723969387
carbonDioxide,69,1.1878426055137774,0.48859204391928884,16.904132760396415,0.04315853801431631
carbonDioxide,55,2.514225158145186,0.5578141349762031,18.708288594091954,0.05425181339058037
carbonDioxide,80,9.379412808954152,1.3313133352612407,30.349338846384313,0.15103347212454102
carbonDioxide,43,2.7073727044440647,0.6086531403066329,21.11382591151393,0.05940575290003266
carbonDioxide,43,2.4756475904290225,0.7831788265427678,21.112955122743845,0.0754213616638801
carbonDioxide,57,2.6045694455056454,0.6128818194397819,18.646276656928247,0.059568303314630894
carbonDioxide,74,2.57876856362513,0.4176213271194184,16.384945680675916,0.04147985323502668
carbonDioxide,55,1.6306105318834998,0.39217139143564267,18.725803371044695,0.03610147852376861
carbonDioxide,63,2.123023263303064,0.7917556464861536,17.788507747026316,0.07702649985750641
carbonDioxide,41,3.500239956438367,0.45025262286489465,21.48324265507094,0.04661548967474271
carbonDioxide,47,8.948499757552154,1.3846861575103655,21.107005414361574,0.15695624144430734
carbonDioxide,43,3.0923899215476616,0.7446968561271823,21.08652010286206,0.0740591633662904
carbonDioxide,67,46.86465515008184,4.637069812917496,32.594617583765846,0.5677680022648149
carbonDioxide,40,2.1282034511378667,0.5885780086399336,21.99117558319335,0.0553313260053402
carbonDioxide,42,2.434306622961592,0.49342236214456486,21.336958029174223,0.048274907941011115
carbonDioxide,75,0.2737371523128332,0.8961392690971288,16.519109350352768,0.07616572599219544
carbonDioxide,41,2.6895517154665876,0.7461105432348637,21.685224422041866,0.07421563364135286
carbonDioxide,59,49.84071037901054,4.708751872601373,34.376143906983145,0.577875027571159
carbonDioxide,60,55.99515613510342,6.384036946032311,36.61824337406937,0.7883444739563497
carbonDioxide,42,2.4544481514195966,0.5323554465848809,21.01158475459133,0.05088701276609479
carbonDioxide,40,3.2417226176751455,0.5841255965339923,21.68272232687508,0.05964829120194079
carbonDioxide,68,41.92300052343932,5.018371291508963,34.05168473631732,0.6078907171464842
carbonDioxide,54,4.0982271188447505,0.6631446943112003,19.198624779477427,0.07001952776184725
carbonDioxide,61,1.3073185207807114,0.5007316217457519,17.976961528898897,0.04566222656955798
carbonDioxide,51,2.8926997962716285,0.8026440750035103,19.45109524053653,0.07914399008636167
carbonDioxide,47,2.4417777597857024,0.4963024451725005,20.132687196947746,0.048763837393280975
carbonDioxide,73,1.8544227654762135,0.5534832292879208,16.60128217544005,0.05300910653322917
carbonDioxide,75,5.299084512309907,0.9558215388640394,30.94774611937428,0.10285918716567792
carbonDioxide,55,2.155323714023433,0.6863890388532398,18.893574214529252,0.0664644024530039
carbonDioxide,55,54.39989541428829,4.544980056864563,36.373061783608975,0.5601588843391653
carbonDioxide,59,2.0955449264291,0.40361275330849405,18.015832819134847,0.03868995863742016
carbonDioxide,51,1.176731849161322,0.3618439673841693,19.30299413133803,0.032347871094940056
carbonDioxide,67,-0.08945907809106769,0.8562772356996114,17.389294834911745,0.06688821382310549
carbonDioxide,64,1.847836493331029,0.569262481462139,17.573353458130093,0.053804498350514936
carbonDioxide,51,1.395252562259435,0.5035101745557338,19.45115715771037,0.04499677772168294
carbonDioxide,73,53.2893624131995,3.980742557824537,33.73096359602538,0.49143134778031844
carbonDioxide,64,2.229430228127152,0.6944884897220588,17.60150543774532,0.06739584989963567
carbonDioxide,55,1.7520392930524775,0.5355645534304636,18.831791580262458,0.05029639789453052
carbonDioxide,51,1.6224766634119656,0.5107275350608155,19.48559570257164,0.04629883572514844
carbonDioxide,69,9.782229252607722,1.5028176606698882,32.43755872525293,0.17054789866441447
carbonDioxide,45,0.24245140511817184,0.8054058074820659,20.73999266840706,0.06472487684060643
carbonDioxide,40,1.4443142886228997,0.6171821073601239,21.70630765642575,0.056765911185820396
carbonDioxide,52,2.0201104954875375,0.5472712078850255,19.289145140688152,0.05204525009922987
carbonDioxide,42,1.7340472883338371,0.359775765932857,21.232847807262,0.03338431273373225
carbonDioxide,49,1.649986297564805,0.5082834496597347,19.97408489023138,0.04684464311886291
carbonDioxide,70,1.0707912662866785,0.6020908142191277,16.85638979465439,0.053034708845499545
